Item Idx,Item Brand,Item Name,Current Price,Total Reviews,Average Star Rating,Star Distribution,Evaluation Categories,Review Score,Review Date,Review Content
1,앰플엔,앰플엔 블레미샷 잡티앰플 50ml 1+1 단독기획(50ml+50ml),"28,800","2,114",4.9,"{'5점': '95%', '4점': '4%', '3점': '1%', '2점': '0%', '1점': '0%'}","{'피부타입': {'건성에 좋아요': '33%', '복합성에 좋아요': '59%', '지성에 좋아요': '8%'}, '피부고민': {'보습에 좋아요': '32%', '진정에 좋아요': '17%', '주름/미백에 좋아요': '51%'}, '자극도': {'자극없이 순해요': '89%', '보통이에요': '11%', '자극이 느껴져요': '0%'}}",5점만점에 5점,2024.04.30,요즘 여드름 흔적때문에 스트레스 받아서 서핑하다가 광고하길래 구매해봤어욘
1,앰플엔,앰플엔 블레미샷 잡티앰플 50ml 1+1 단독기획(50ml+50ml),"28,800","2,114",4.9,"{'5점': '95%', '4점': '4%', '3점': '1%', '2점': '0%', '1점': '0%'}","{'피부타입': {'건성에 좋아요': '33%', '복합성에 좋아요': '59%', '지성에 좋아요': '8%'}, '피부고민': {'보습에 좋아요': '32%', '진정에 좋아요': '17%', '주름/미백에 좋아요': '51%'}, '자극도': {'자극없이 순해요': '89%', '보통이에요': '11%', '자극이 느껴져요': '0%'}}",5점만점에 5점,2024.04.23,제가 피부가 민감하고 예민한 편이라 화장품을 아무거나 잘 못 쓰거든요. 그런데 블레미샷 앰플을 소문 듣고 구매해 봤더니 굉장히 순하네요.  기미나 잡티 등을 케어하는데 도움이 된다고 해서 쓰고 있는데 원래 이런 제품들은 제가 얼굴이 빨개지거나 조금 올라오기도 하고 좀 저한테는 독한 편이라고 해야 할까 좀 그렇거든요 . 그런데 이 제품은 정말 우유처럼 순한 것 같아요.  그래서 맘 편히 넉넉하게 얼굴에 발라 줘도 얼굴에 트러블 없이 쓰게 되어서 너무 좋습니다.  일주일 넘게 써 보니 보습에도 굉장히 도움이 되는 것 같고 피부색이 하얘지는 것 같아서 너무 좋아요
1,앰플엔,앰플엔 블레미샷 잡티앰플 50ml 1+1 단독기획(50ml+50ml),"28,800","2,114",4.9,"{'5점': '95%', '4점': '4%', '3점': '1%', '2점': '0%', '1점': '0%'}","{'피부타입': {'건성에 좋아요': '33%', '복합성에 좋아요': '59%', '지성에 좋아요': '8%'}, '피부고민': {'보습에 좋아요': '32%', '진정에 좋아요': '17%', '주름/미백에 좋아요': '51%'}, '자극도': {'자극없이 순해요': '89%', '보통이에요': '11%', '자극이 느껴져요': '0%'}}",5점만점에 5점,2024.04.23,제가 피부 좋은 편인데 요즘은 고민이 살짝 옅게 올라오는 기미에요. 지난 여름에 햇볕을 좀 많이 봤더니 가을 겨울에 계속 옅게 기미가 올라왔더라고요.  그래서 그것 때문에 좀 스트레스 받고 있었는데 블레미샷 앰플이 기미에 좋다고 얘기를 들어서 쓰게 되었습니다.  확실히 일주일 좀 넘게 쓰니 피부가 좀 밝아지는게 느껴지더라고요. 제품 설명에 자외선에 의한 기미 잡티 흔적 등 색소 케어에 도움을 주는 집중 미백 앰플이라고 되어 있었는데 정말 미백에 효과가 있네요.  게다가 피부가 당기는 것도 없이 보습을 촉촉하게 해 주니 아주 좋은 것 같아요.  스포이드도 일반적인 제가 눌러서 채우는 스타일이 아닌 자동 충전 시스템 스포이드 형식이라 편의성도 너무 좋은 것 같습니다.  꾸준히 있으면 색소침착이 되지 않게 해 준다니 꾸준히 쭉 써야겠어요♡
1,앰플엔,앰플엔 블레미샷 잡티앰플 50ml 1+1 단독기획(50ml+50ml),"28,800","2,114",4.9,"{'5점': '95%', '4점': '4%', '3점': '1%', '2점': '0%', '1점': '0%'}","{'피부타입': {'건성에 좋아요': '33%', '복합성에 좋아요': '59%', '지성에 좋아요': '8%'}, '피부고민': {'보습에 좋아요': '32%', '진정에 좋아요': '17%', '주름/미백에 좋아요': '51%'}, '자극도': {'자극없이 순해요': '89%', '보통이에요': '11%', '자극이 느껴져요': '0%'}}",5점만점에 5점,2024.04.23,갈색 앰플 병이 아주 예쁘네요.  제가 꾸준히 예전부터 써 왔던 갈색 앰플 화장품이 생각이납니다. 이 제품은 주름도 개선해 주고 미백도 도와준다고 하는데 제가 지금 며칠 동안 써 보니 미백에 도움이 많이 되는 것 같습니다 . 그리고 보습에도 도움이 많이 되기 때문에 당연히 장기적으로 볼 때 주름 개선에도 도움이 될 거 같고요 . 색소 케어에 도움을 준다고 하니 제 얼굴에 잡티라던가 기미 같은 거에 도움을 줄 것 같아요.  7일 만에 깨끗하게깐 달걀 피부를 완성해 준다고 하더니 정말 피부가 엄청 매끈매끈해졌습니다. 아주 마음에 들어요
1,앰플엔,앰플엔 블레미샷 잡티앰플 50ml 1+1 단독기획(50ml+50ml),"28,800","2,114",4.9,"{'5점': '95%', '4점': '4%', '3점': '1%', '2점': '0%', '1점': '0%'}","{'피부타입': {'건성에 좋아요': '33%', '복합성에 좋아요': '59%', '지성에 좋아요': '8%'}, '피부고민': {'보습에 좋아요': '32%', '진정에 좋아요': '17%', '주름/미백에 좋아요': '51%'}, '자극도': {'자극없이 순해요': '89%', '보통이에요': '11%', '자극이 느껴져요': '0%'}}",5점만점에 5점,2024.04.25,잡티가 너무 크게 보여서 스트레스 받아요. 얼굴이 칙칙하고 지저분해 보이는 느낌 입니다. 올리브영을 둘러보다  7일만이 잡티 개선이란 문구 보고 안 살수가 없어요. 화해에 성분을 치니 성분도 좋았어요. 지금 일주일 가량 사용해 본 결과 얼굴 톤이 밝아지고 기미 같은 것들도 조금씩 옅어지네요. 끈적거리지 않아서 발림성도 좋아서 데일리로 바르는데 부담 없어요.
1,앰플엔,앰플엔 블레미샷 잡티앰플 50ml 1+1 단독기획(50ml+50ml),"28,800","2,114",4.9,"{'5점': '95%', '4점': '4%', '3점': '1%', '2점': '0%', '1점': '0%'}","{'피부타입': {'건성에 좋아요': '33%', '복합성에 좋아요': '59%', '지성에 좋아요': '8%'}, '피부고민': {'보습에 좋아요': '32%', '진정에 좋아요': '17%', '주름/미백에 좋아요': '51%'}, '자극도': {'자극없이 순해요': '89%', '보통이에요': '11%', '자극이 느껴져요': '0%'}}",5점만점에 5점,2024.04.23,건조해지니까 주름도 많이 생기고 또 얼굴이 색이 칙칙해지는 것 같아서 두 가지를 다 해결할 수 있는 화장품을 찾아보다가 블레미샷 앰플을 발견했어요.  슬로우 에이징 제품이라고 하네요. 역시 나이가 들면 노화방지에 혹하는 건 어쩔 수 없어요~  우유 빛깔 앰플이 가득 들어 있는데 무려 두 병이나 준답니다.그래서 넉넉하게 매일매일 아낌없이 바르고 있어요.  예전부터 유명한 코리아나 화장품 제품이고요.  제가 며칠 써 보니 아주 부드럽고 촉촉하면서 얼굴빛이 좀 환해지는 걸 느낄 수가 있네요.  꾸준히 쓴다면 굉장히 좋아질 것 같아요.  일주일 정도 쓰니 기미가 조금 옅어지는듯한 느낌이 들거든요. 아주 마음에 듭니다 ♡
1,앰플엔,앰플엔 블레미샷 잡티앰플 50ml 1+1 단독기획(50ml+50ml),"28,800","2,114",4.9,"{'5점': '95%', '4점': '4%', '3점': '1%', '2점': '0%', '1점': '0%'}","{'피부타입': {'건성에 좋아요': '33%', '복합성에 좋아요': '59%', '지성에 좋아요': '8%'}, '피부고민': {'보습에 좋아요': '32%', '진정에 좋아요': '17%', '주름/미백에 좋아요': '51%'}, '자극도': {'자극없이 순해요': '89%', '보통이에요': '11%', '자극이 느껴져요': '0%'}}",5점만점에 5점,2024.04.18,"7일 잡티 앰플~숨은 기미까지 말끔하게~~이 문구가 너무 가슴에 와닿았어요.야외운동하는 아이 쫓아다니느라 늘어난 나의 기미와 잡티..이것만 없어도 10살은 어려보일텐데ㅠㅜ 요즘들어 피부가 깨끗한사람이 너무 부럽더라구요.그래서 따지지도 않고 구매했어요..1+1이라 총 2병이라 가격도 아주 좋아요. 제형은 묽은편으로 흡수가 빨라 산뜻하고 촉촉해요. 향도 거의 무향이라 호불호도 없을것 같구요. 자동충전 스포이드라 사용하기도 편리하네요. 아침,저녁으로 듬뿍사용하여 피부 미인으로 거듭나렵니다^^ 변화된 나의"
1,앰플엔,앰플엔 블레미샷 잡티앰플 50ml 1+1 단독기획(50ml+50ml),"28,800","2,114",4.9,"{'5점': '95%', '4점': '4%', '3점': '1%', '2점': '0%', '1점': '0%'}","{'피부타입': {'건성에 좋아요': '33%', '복합성에 좋아요': '59%', '지성에 좋아요': '8%'}, '피부고민': {'보습에 좋아요': '32%', '진정에 좋아요': '17%', '주름/미백에 좋아요': '51%'}, '자극도': {'자극없이 순해요': '89%', '보통이에요': '11%', '자극이 느껴져요': '0%'}}",5점만점에 5점,2024.04.18,벚꽃놀이 갔다가 오랜만에 사진을 찍었는데 언제 또 이렇게 잡티가 생긴건지 사진 보기가 싫어지더라고요. 당장 피부과 달려가고 싶은 마음 꾹 누르고 잡티에 효과있다는 앰플엔 블레미샷 잡티앰플을 구입했어요. 깐깐하디 깐깐한 화해도 인정한 1등 잡티앰플이라 믿음이 가더라고요. 꾸준히 사용해보니 색소침착 개선과 각질제거 효과가 있고 피부톤이 환해지네요. 끈적임없이 촉촉한 제형이라 발림성도 좋더라고요. 조금씩 변화가 보이기 시작하니 꾸준히 사용해서 더 만족스러운 효과를 보고 싶네요.
1,앰플엔,앰플엔 블레미샷 잡티앰플 50ml 1+1 단독기획(50ml+50ml),"28,800","2,114",4.9,"{'5점': '95%', '4점': '4%', '3점': '1%', '2점': '0%', '1점': '0%'}","{'피부타입': {'건성에 좋아요': '33%', '복합성에 좋아요': '59%', '지성에 좋아요': '8%'}, '피부고민': {'보습에 좋아요': '32%', '진정에 좋아요': '17%', '주름/미백에 좋아요': '51%'}, '자극도': {'자극없이 순해요': '89%', '보통이에요': '11%', '자극이 느껴져요': '0%'}}",5점만점에 5점,2024.04.24,기미때문에 신경쓰이다가 7일잡티세럼이라해서 구매후 지금 5일정도 꾸준히 사용했는데 확실히 연한 기미들이 좀더 옅어지는 기분이에요 발림성도 좋아서 듬뿍 사용하고있는데 한통 다사용하고나면 피부가 깨끗해지는 느낌을 받을꺼같아요💗 지금 1+1 하고있을때 꼭 사용해보세요 피부발림성도 너무좋고 앰플엔 예전에 앰플 사용하고 피부속건조 싹잡아줬는데 이번엔 기미를 싹다 잡아줄차례 :)
1,앰플엔,앰플엔 블레미샷 잡티앰플 50ml 1+1 단독기획(50ml+50ml),"28,800","2,114",4.9,"{'5점': '95%', '4점': '4%', '3점': '1%', '2점': '0%', '1점': '0%'}","{'피부타입': {'건성에 좋아요': '33%', '복합성에 좋아요': '59%', '지성에 좋아요': '8%'}, '피부고민': {'보습에 좋아요': '32%', '진정에 좋아요': '17%', '주름/미백에 좋아요': '51%'}, '자극도': {'자극없이 순해요': '89%', '보통이에요': '11%', '자극이 느껴져요': '0%'}}",5점만점에 5점,2024.04.18,기미ㆍ잡티만 없어도 인상이 달라보이는데 은근히 강렬한 봄볕에 얼굴 잡티가 늘어가더라고요. 이대로 보고만 있을 수는 없어서 지인 추천으로 앰플엔 블레미샷 잡티앰플을 써보았습니다. 약산성 제형에 피부자극테스트 결과 저자극판정을 받은 제품이더라고요. 사실 반신반의하며 구입해본건데 아침 저녁으로 꾸준히 사용해보니 피부톤도 한결 밝아진것 같고 잡티도 조금 없어진것 같아서 만족스러워요. 각질제거 기능도 있어 피부도 부드러워지고 촉촉해진것 같아요.
1,앰플엔,앰플엔 블레미샷 잡티앰플 50ml 1+1 단독기획(50ml+50ml),"28,800","2,114",4.9,"{'5점': '95%', '4점': '4%', '3점': '1%', '2점': '0%', '1점': '0%'}","{'피부타입': {'건성에 좋아요': '33%', '복합성에 좋아요': '59%', '지성에 좋아요': '8%'}, '피부고민': {'보습에 좋아요': '32%', '진정에 좋아요': '17%', '주름/미백에 좋아요': '51%'}, '자극도': {'자극없이 순해요': '89%', '보통이에요': '11%', '자극이 느껴져요': '0%'}}",5점만점에 5점,2024.05.01,요즘 얼굴이 푸석해지고 트러블도올라오고 그 트러블을 짰더니 색소침착만 엄청 남고ㅠ 너무 우울해하던 찰라 서치하게된 제품이 이거였어요! 7일만의 기적이라는 멘트가 완전 꽂혔답니당ㅋㅋ 색이 되게뽀얀 우유색이더라구요! 스포이드랑 뚜껑이랑 몬가 신박했어요 ㅋ 좋다는 얘기에요! 발림성은 되게부드럽게 발렸고 물같은 제형 아니고 조금은 무게감있어요 얼굴 볼따구에 두번 펌핑해서 바르면 적당했고 바르고난후에는 와.. 얼굴이 쫀득해지면서 영양감을 듬뿜준느낌이랄까요? 푸석했던 피부에 윤기가흘렀어요! 아직 사용기간이 짧아서 잡티기미는 효과를 못봤지만 더사용해보고 한달후기때 남겨볼게요! 1+1으로 사서 넘조아요🫶 아직까지 트러블없어서 좋았어요!
1,앰플엔,앰플엔 블레미샷 잡티앰플 50ml 1+1 단독기획(50ml+50ml),"28,800","2,114",4.9,"{'5점': '95%', '4점': '4%', '3점': '1%', '2점': '0%', '1점': '0%'}","{'피부타입': {'건성에 좋아요': '33%', '복합성에 좋아요': '59%', '지성에 좋아요': '8%'}, '피부고민': {'보습에 좋아요': '32%', '진정에 좋아요': '17%', '주름/미백에 좋아요': '51%'}, '자극도': {'자극없이 순해요': '89%', '보통이에요': '11%', '자극이 느껴져요': '0%'}}",5점만점에 5점,2024.04.18,"기미와 잡티만 없어도 얼굴이 예뻐 보이는데~~ 요놈의 기미,잡티는 늘 내곁에 있는데~~ ""7일 잡티 개선""이란 문구가 확~~와닿았는데  게다가 1+1 이라길래 무조건 고고~~ 사실 7일만에 잡티 개선은 안되겠지만?ㅋ  이말이 저는 그만큼 제품에 자신있다는 걸로  느껴졌어요.자동충전 스포이드라 사용하기 굉장히 편하네요.각질 제거에도 효과가 있어 피부결까지  매끈하게 해준대요.살짝 묽은 제형으로 발림성도  부드럽고 빠르게 흡수되어 끈적이지 않아요. 산뜻하고 촉촉함이 남아요.보통 미백크림은 자외선을 피한 저녁에만 바르라고하던데 아침,저녁으로 매일 바르는게 좋다고 하네요.자기전 항상 내일  나의모습이 기대되요ㅎ"
1,앰플엔,앰플엔 블레미샷 잡티앰플 50ml 1+1 단독기획(50ml+50ml),"28,800","2,114",4.9,"{'5점': '95%', '4점': '4%', '3점': '1%', '2점': '0%', '1점': '0%'}","{'피부타입': {'건성에 좋아요': '33%', '복합성에 좋아요': '59%', '지성에 좋아요': '8%'}, '피부고민': {'보습에 좋아요': '32%', '진정에 좋아요': '17%', '주름/미백에 좋아요': '51%'}, '자극도': {'자극없이 순해요': '89%', '보통이에요': '11%', '자극이 느껴져요': '0%'}}",5점만점에 5점,2024.05.02,자극없이 순하게 미백케어에 도움을 받을수있어 좋아요. 앰플두개구성으로 야무지게 사용할수있을거같아 꾸준히 발라보니 칙칙했던 피부톤이 밝아지는듯해요.
1,앰플엔,앰플엔 블레미샷 잡티앰플 50ml 1+1 단독기획(50ml+50ml),"28,800","2,114",4.9,"{'5점': '95%', '4점': '4%', '3점': '1%', '2점': '0%', '1점': '0%'}","{'피부타입': {'건성에 좋아요': '33%', '복합성에 좋아요': '59%', '지성에 좋아요': '8%'}, '피부고민': {'보습에 좋아요': '32%', '진정에 좋아요': '17%', '주름/미백에 좋아요': '51%'}, '자극도': {'자극없이 순해요': '89%', '보통이에요': '11%', '자극이 느껴져요': '0%'}}",5점만점에 5점,2024.04.28,선크림 바르고다니는 습관들이기가 힘들었던만큼 안바르고 다니는 동안에 이미 많이 생겨버린 기미들때문에 너무 스트레스였는데 숨은 기미까지 말끔하게  라는 문구에 홀리듯 샀어요 1+1에 가격도 되게 착해서 좋네요~ 아직 바른지 7일이안됐긴한데.. 5일차! 기분탓인지 기미가 좀 옅어보여요 아니 바르기 이전보단 확실히 옅어지긴한듯??! 자잘한건 진짜 없어진듯해보여요 꾸준히 바르면 진짜 효과볼수있을거같아 아침저녁으로 매일 바르고있어요 스포이드 타입이라 양조절도 편하고 쓰기도 편하고좋아요!
1,앰플엔,앰플엔 블레미샷 잡티앰플 50ml 1+1 단독기획(50ml+50ml),"28,800","2,114",4.9,"{'5점': '95%', '4점': '4%', '3점': '1%', '2점': '0%', '1점': '0%'}","{'피부타입': {'건성에 좋아요': '33%', '복합성에 좋아요': '59%', '지성에 좋아요': '8%'}, '피부고민': {'보습에 좋아요': '32%', '진정에 좋아요': '17%', '주름/미백에 좋아요': '51%'}, '자극도': {'자극없이 순해요': '89%', '보통이에요': '11%', '자극이 느껴져요': '0%'}}",5점만점에 5점,2024.04.25,솔직히 올영에서 아버지 기미 고민으로 인해서 구매했는데 구매하고 보니까 어머 ? 우리집에서 매일 사용하는 코리아나화장품이 제조사였다니 ㅋㅋ 완전 반가워서 더 열심히 사용중입니다. 예신이라 예신아버지랑 함께 매일 사용중이라는 온가족이 써도 좋을듯한 사용감이라 여기저기 추천하고 다녀요~
2,성분에디터,성분에디터 그린토마토 모공앰플 30ml 1+1+1 트리플기획,"25,700","11,403",4.7,"{'5점': '77%', '4점': '16%', '3점': '5%', '2점': '1%', '1점': '1%'}","{'피부타입': {'건성에 좋아요': '18%', '복합성에 좋아요': '65%', '지성에 좋아요': '17%'}, '피부고민': {'보습에 좋아요': '37%', '진정에 좋아요': '40%', '주름/미백에 좋아요': '23%'}, '자극도': {'자극없이 순해요': '77%', '보통이에요': '23%', '자극이 느껴져요': '2%'}}",5점만점에 5점,2024.05.01,"저는 건성한 피부를 가지고 있는데 여드름이 별로 안 생겨요. 하지만 저는 항상 제거할 수 없는 블랙헤드가 많았습니다.  일주일에 한두 번씩 클레이 마스크를 하는데 도움이 많이 됩니다만 코와 턱에 블랙헤드가 많이 남아 있었습니다. 드디어 이 앰플을 찾았어요!! 한 달째 쓰고 있는데 블랙헤드가 거의 없어졌어요!! 그리고 일반적으로 저는 피부가 덜 민감하고 생리를 앞두고 있을 때도 피부 밑에 여드름이 나지 않습니다. 전체적으로 제 피부는 더 건강하고 빛이 나요 ✨ 다른 좋은 점은 이 앰풀의 향이가 너무 좋아요!! 향이 상쾌하고 앰플을 바르면 정말 기분이 좋습니다 💚 저는 이 앰플을 밤에만 바르고 한 병은 한 달 내내 사용했습니다. 그레서 이 앰플은 효과적일 뿐만 아니라 저렴합니다! 😀  저는 이 앰플에 완전히 만족해서 이미 다시 샀어요! 블랙헤드를 줄이고 싶은 분들과 더 빛나는 피부를 원하는 분들께 적극 추천드립니다 :) ‼️ 블랙헤드 문제를 해결하기 위해 처음 구매한 앰플인데, 3개월 동안 사용해보니 피부도 더 단단해 보이네요! 리프팅 효과가 정말 있어요 🤩  성분 목록을 자세히 살펴본 결과, 이 앰플에는 볼루필린이 함유되어 있는 것으로 밝혀졌습니다. 볼루필린은 지방 저장을 자극하고 촉진하는 성분이기 때문에 피부를 통통하고 매끄럽게 가꾸는데 도움을 주어 주름이 생기는 모습을 줄여줍니다. 예를 들어, 저는 팔자 주름이 약간 개선된 것을 발견했습니다 😍 이 앰플을 꾸준히 쓸 거고 여러분도 꼭 써 보세요!"
2,성분에디터,성분에디터 그린토마토 모공앰플 30ml 1+1+1 트리플기획,"25,700","11,403",4.7,"{'5점': '77%', '4점': '16%', '3점': '5%', '2점': '1%', '1점': '1%'}","{'피부타입': {'건성에 좋아요': '18%', '복합성에 좋아요': '65%', '지성에 좋아요': '17%'}, '피부고민': {'보습에 좋아요': '37%', '진정에 좋아요': '40%', '주름/미백에 좋아요': '23%'}, '자극도': {'자극없이 순해요': '77%', '보통이에요': '23%', '자극이 느껴져요': '2%'}}",5점만점에 5점,2024.04.27,벌써 6통 공병을 만들고 이것마저 거의 다 썼는데!!진짜 너무 좋아요ㅠㅠ화장도 잘 먹구 모공이 작아지는 게 눈에 보여요!! 정말 꾸준히 쓰면 효과가 생기는 것 같아요!
2,성분에디터,성분에디터 그린토마토 모공앰플 30ml 1+1+1 트리플기획,"25,700","11,403",4.7,"{'5점': '77%', '4점': '16%', '3점': '5%', '2점': '1%', '1점': '1%'}","{'피부타입': {'건성에 좋아요': '18%', '복합성에 좋아요': '65%', '지성에 좋아요': '17%'}, '피부고민': {'보습에 좋아요': '37%', '진정에 좋아요': '40%', '주름/미백에 좋아요': '23%'}, '자극도': {'자극없이 순해요': '77%', '보통이에요': '23%', '자극이 느껴져요': '2%'}}",5점만점에 4점,2024.04.26,"지성 수부지분들이 상큼하게 쓰시기에 딱입니다 향부터 상큼해서 바를 때 기분도 좋고 순합니다 모공은 좀 작아졌나? 효과가 있는듯한 느낌적인느낌? 목부분에도 꼭 발라줍니다 사용감이 좋아서 손이 잘 가요 제 리뷰가 도움이 되셨다면, 밑에 엄지척 눌러주세요🙏🏻"
2,성분에디터,성분에디터 그린토마토 모공앰플 30ml 1+1+1 트리플기획,"25,700","11,403",4.7,"{'5점': '77%', '4점': '16%', '3점': '5%', '2점': '1%', '1점': '1%'}","{'피부타입': {'건성에 좋아요': '18%', '복합성에 좋아요': '65%', '지성에 좋아요': '17%'}, '피부고민': {'보습에 좋아요': '37%', '진정에 좋아요': '40%', '주름/미백에 좋아요': '23%'}, '자극도': {'자극없이 순해요': '77%', '보통이에요': '23%', '자극이 느껴져요': '2%'}}",5점만점에 5점,2024.04.17,화장품이 모공을 얼마나 줄여주겠어 생각으로 아무리 광고해도 또 주변에서 아무리 사용해도 구매하지않던 제품이에요 근데 디렉터파이님 채널보고 성분도 괜찮길래 속는셈치고 사용해보자 하고 두개세트 구매해서 사용했는데 글쎄.. 한통사용하기전에 이미 코 모공큰게 줄어든걸 눈으로 확인해버렸어요.ᐟ 너무좋아서 가족들도 선물해주려고 1+1 제품을 두개 재구매했습니다 촉촉하고 자극도 없고 무엇보다 답이없던 제 코모공을 줄여준 제품입니다.ᐟ 이대로 가격만 착하다면 쭉 재구매하려고 해요
2,성분에디터,성분에디터 그린토마토 모공앰플 30ml 1+1+1 트리플기획,"25,700","11,403",4.7,"{'5점': '77%', '4점': '16%', '3점': '5%', '2점': '1%', '1점': '1%'}","{'피부타입': {'건성에 좋아요': '18%', '복합성에 좋아요': '65%', '지성에 좋아요': '17%'}, '피부고민': {'보습에 좋아요': '37%', '진정에 좋아요': '40%', '주름/미백에 좋아요': '23%'}, '자극도': {'자극없이 순해요': '77%', '보통이에요': '23%', '자극이 느껴져요': '2%'}}",5점만점에 5점,2024.05.01,점점 더워지고 나이가 들면서 모공이 커지고 늘어지는게  느껴져서 모공템으로 유명한 그린토마토 앰플을 구매했어요  벌써 몇통째 구매해서 사용하는지 모를만큼 꾸준히  구매해서 사용해본 찐 후기 작성해볼게요 제품은 자극 없이 순하고 무향은 아니지만  향이 진하지 않아서 크게 신경 쓰이진 않았어요  한달동안 꾸준히 사용했을때 콧물제형이라서 발랐을때  피부를 쫀쫀하게 해주는걸 느꼈어요  처음에는 눈에 보이게 모공이 줄어든 효과를 느끼지는 못해서 재구매 안하니까 그때부터 모공이 커지는게 보이더라구요  그래서 다시 구매해서 꾸준히 사용하다보니 모공 줄어듬도 느껴지고 모공이 더 커지지 않아서 지금은 유지하기 위해서 사용하는 중이에요 예전에는 기획세트가 없어서 단품만 판매했었는데 지금은 1+1기획세트로 나와서 세일하면 2만원도 안하기 때문에 가성비가 너무 좋아서 부담없이 사용하기가 좋더라구여 제 글이 도움이 되셨다면 👇🏻아래에 도움돼요 엄지번 꾹 눌러주시면 감사하겠습니다..🫶🏻
2,성분에디터,성분에디터 그린토마토 모공앰플 30ml 1+1+1 트리플기획,"25,700","11,403",4.7,"{'5점': '77%', '4점': '16%', '3점': '5%', '2점': '1%', '1점': '1%'}","{'피부타입': {'건성에 좋아요': '18%', '복합성에 좋아요': '65%', '지성에 좋아요': '17%'}, '피부고민': {'보습에 좋아요': '37%', '진정에 좋아요': '40%', '주름/미백에 좋아요': '23%'}, '자극도': {'자극없이 순해요': '77%', '보통이에요': '23%', '자극이 느껴져요': '2%'}}",5점만점에 5점,2024.05.11,"주르륵 흐르는 제형의 연두색 앰플입니다. 병당 가격이 저렴한 편이라 부담 없이 넉넉하게 바르고 있어요. 시원한 향이 나고 가볍게 발려서 여름철에 쓰기 딱이에요. 구매하고 일주일 가량 사용해봤는데 콧볼 쪽이 확실히 부드러워졌어요. 이전에는 피지, 블랙헤드 때문에 만지면 오돌토돌했거든요. 이 정도면 되게 빠르게 효과가 나타난 것 같아요. 얼른 다른 부분들도 매끈해지길 기대해봅니다!"
2,성분에디터,성분에디터 그린토마토 모공앰플 30ml 1+1+1 트리플기획,"25,700","11,403",4.7,"{'5점': '77%', '4점': '16%', '3점': '5%', '2점': '1%', '1점': '1%'}","{'피부타입': {'건성에 좋아요': '18%', '복합성에 좋아요': '65%', '지성에 좋아요': '17%'}, '피부고민': {'보습에 좋아요': '37%', '진정에 좋아요': '40%', '주름/미백에 좋아요': '23%'}, '자극도': {'자극없이 순해요': '77%', '보통이에요': '23%', '자극이 느껴져요': '2%'}}",5점만점에 4점,2024.04.24,"솔직히 모공이 작아지는건 그런것 같기도 하고? 잘 모르겠습니다 다만, 사용감이 청량하고 좋아서 손이 자주가요 바를 때 시원한 것 같기도 하고,  피부톤이 전보다 좀 맑아진 것 같기도 합니다  아무튼 청량한 사용감 때문에  여름에 손이 더 자주 갈 것 같고, 제가 지금 환절기라 뒤집어진 피부에 뭘 발라도 따가운데 요건 확실이 덜 따가웠어요 자극없는제품인 것 같아요 제 리뷰가 도움이 되셨다면, 밑에 엄지척 눌러주세요🙏🏻"
2,성분에디터,성분에디터 그린토마토 모공앰플 30ml 1+1+1 트리플기획,"25,700","11,403",4.7,"{'5점': '77%', '4점': '16%', '3점': '5%', '2점': '1%', '1점': '1%'}","{'피부타입': {'건성에 좋아요': '18%', '복합성에 좋아요': '65%', '지성에 좋아요': '17%'}, '피부고민': {'보습에 좋아요': '37%', '진정에 좋아요': '40%', '주름/미백에 좋아요': '23%'}, '자극도': {'자극없이 순해요': '77%', '보통이에요': '23%', '자극이 느껴져요': '2%'}}",5점만점에 4점,2024.04.07,모공이 신경 쓰여서 구매한 제품이에요! 1+1 기획 구성으로 세일 할 때 구매하면 2만워도 안 되는 가격에 구매할 수 있어요! 성분은 좋은 편인데 알콜 성분이 들어 있어요! 가벼운 타입의 앰플인 줄 알았는데 점성이 느껴져서 무거운 타입인 줄 알았어요!! 얼굴에 펴 바를 때 뭔가 점점 찐득한 느낌이 드는데 알콜이 들어 있어서 그런지 어느 순간 싹 흡수돼요! ㅋㅋ 신기하더라구요 ㅎㅎ 앰플 사용 후 로션을 꼭 발라주고 있어요! 깜짝 놀란 점! 향이 있어요! 무향 제품 위주로 사용하다가 향이 확 느껴저서 놀랐어요 그래도 향이 좋은 편이어서 적응됐어요! 모공 수축 효과는 미미한 편이에요 ㅠㅠ 그래도 효과가 아예 없는 건 아니어서 꾸준히 사용해보려구요! 미백 기능이 있어서 얼굴도 환해졌어요! 요즘엔 밤에만 사용할 수 있는 앰플이 많은데 밤낮 상관 없이 바를 수 있어서 좋아요!
2,성분에디터,성분에디터 그린토마토 모공앰플 30ml 1+1+1 트리플기획,"25,700","11,403",4.7,"{'5점': '77%', '4점': '16%', '3점': '5%', '2점': '1%', '1점': '1%'}","{'피부타입': {'건성에 좋아요': '18%', '복합성에 좋아요': '65%', '지성에 좋아요': '17%'}, '피부고민': {'보습에 좋아요': '37%', '진정에 좋아요': '40%', '주름/미백에 좋아요': '23%'}, '자극도': {'자극없이 순해요': '77%', '보통이에요': '23%', '자극이 느껴져요': '2%'}}",5점만점에 5점,2024.04.30,자극없이 순해서 너무 좋아요 향도 좋구요 겨울철에 얼굴에 듬뿍 발라주고 일어나면 피부가 정말 촉촉하니 너무 좋습니다 ㅎㅎ 정말 자극 전혀 없습니다
2,성분에디터,성분에디터 그린토마토 모공앰플 30ml 1+1+1 트리플기획,"25,700","11,403",4.7,"{'5점': '77%', '4점': '16%', '3점': '5%', '2점': '1%', '1점': '1%'}","{'피부타입': {'건성에 좋아요': '18%', '복합성에 좋아요': '65%', '지성에 좋아요': '17%'}, '피부고민': {'보습에 좋아요': '37%', '진정에 좋아요': '40%', '주름/미백에 좋아요': '23%'}, '자극도': {'자극없이 순해요': '77%', '보통이에요': '23%', '자극이 느껴져요': '2%'}}",5점만점에 3점,2024.04.29,"I cannot say this is really good. Even though I put this cosmetic serum on my skin for a long but not properly working. Furthermore, I have used this for a month but the pore of my skin is not better than I thought. Even though I used this pore serum for a while but not working properly. So maybe next time I will not gonna buy this anymore. I will try other pore serums from medicine or other serums. I’m Olive Young there are too many more serums but I’m not sure if they are really working well properly or not. It is so unfortunate… But anyway, I bought two of them so I will finish this serum first and then try others. Maybe i should try in summer season."
2,성분에디터,성분에디터 그린토마토 모공앰플 30ml 1+1+1 트리플기획,"25,700","11,403",4.7,"{'5점': '77%', '4점': '16%', '3점': '5%', '2점': '1%', '1점': '1%'}","{'피부타입': {'건성에 좋아요': '18%', '복합성에 좋아요': '65%', '지성에 좋아요': '17%'}, '피부고민': {'보습에 좋아요': '37%', '진정에 좋아요': '40%', '주름/미백에 좋아요': '23%'}, '자극도': {'자극없이 순해요': '77%', '보통이에요': '23%', '자극이 느껴져요': '2%'}}",5점만점에 5점,2024.04.30,그린토마토 세럼은 모공탄력에 효과가 있다고 해서 구매했어요. 주로 저녁에 바르고 있는데 꾸준히 사용하면 좋을 것 같아요
2,성분에디터,성분에디터 그린토마토 모공앰플 30ml 1+1+1 트리플기획,"25,700","11,403",4.7,"{'5점': '77%', '4점': '16%', '3점': '5%', '2점': '1%', '1점': '1%'}","{'피부타입': {'건성에 좋아요': '18%', '복합성에 좋아요': '65%', '지성에 좋아요': '17%'}, '피부고민': {'보습에 좋아요': '37%', '진정에 좋아요': '40%', '주름/미백에 좋아요': '23%'}, '자극도': {'자극없이 순해요': '77%', '보통이에요': '23%', '자극이 느껴져요': '2%'}}",5점만점에 5점,2024.05.14,몇년전부터 연예인 장*란씨 앰플루 광고를 수도 없이봤던 제품 ㅋㅋ 사실 모공에 좋다는 제품을 여럿 써봤지만 그닥 효과를 본적은 없어서 구매는 안하고 있었어요 근데 동생이 써보더니 일주일 정도 썼는데 피부에 나던 트러블도 안나고 너무 좋다고 하더라고요 나이차이 많이나는 남동생이라  화장품 제품 공유는 한번도 안했던 사이인데 ㅋㅋ 그래서 속는셈치고 구매해봤어요 마침 1+1+1기획 세일도 하고 있길래 냉큼 구매해봤어요 오자마자 세안 후 발라봤는데 끈적임도 없고 순하니 좋아요  트러블이 잘 나지 않던 피부였는데 어느 순간부터 한두개씩 피부 트러블이 생기더라구요 원인을 몰라 너무 스트레스였는데 사용하고 예전피부로 돌아왔음 좋겟어요 ㅠㅠ 당연히 모공에도 효과가 있기를 바래봅니당..🥹 한달후기 꼭 남길게요!
2,성분에디터,성분에디터 그린토마토 모공앰플 30ml 1+1+1 트리플기획,"25,700","11,403",4.7,"{'5점': '77%', '4점': '16%', '3점': '5%', '2점': '1%', '1점': '1%'}","{'피부타입': {'건성에 좋아요': '18%', '복합성에 좋아요': '65%', '지성에 좋아요': '17%'}, '피부고민': {'보습에 좋아요': '37%', '진정에 좋아요': '40%', '주름/미백에 좋아요': '23%'}, '자극도': {'자극없이 순해요': '77%', '보통이에요': '23%', '자극이 느껴져요': '2%'}}",5점만점에 4점,2024.05.11,모공이 신경 쓰여서 구매한 제품이에요! 1+1 기획 구성으로 세일 할 때 구매하면 2만워도 안 되는 가격에 구매할 수 있어요! 성분은 좋은 편인데 알콜 성분이 들어 있어요! 가벼운 타입의 앰플인 줄 알았는데 점성이 느껴져서 무거운 타입인 줄 알았어요!! 얼굴에 펴 바를 때 뭔가 점점 찐득한 느낌이 드는데 알콜이 들어 있어서 그런지 어느 순간 싹 흡수돼요! ㅋㅋ 신기하더라구요 ㅎㅎ 앰플 사용 후 로션을 꼭 발라주고 있어요! 깜짝 놀란 점! 향이 있어요! 무향 제품 위주로 사용하다가 향이 확 느껴저서 놀랐어요 그래도 향이 좋은 편이어서 적응됐어요! 모공 수축 효과는 미미한 편이에요 ㅠㅠ 그래도 효과가 아예 없는 건 아니어서 꾸준히 사용해보려구요! 미백 기능이 있어서 얼굴도 환해졌어요! 요즘엔 밤에만 사용할 수 있는 앰플이 많은데 밤낮 상관 없이 바를 수 있어서 좋아요!
2,성분에디터,성분에디터 그린토마토 모공앰플 30ml 1+1+1 트리플기획,"25,700","11,403",4.7,"{'5점': '77%', '4점': '16%', '3점': '5%', '2점': '1%', '1점': '1%'}","{'피부타입': {'건성에 좋아요': '18%', '복합성에 좋아요': '65%', '지성에 좋아요': '17%'}, '피부고민': {'보습에 좋아요': '37%', '진정에 좋아요': '40%', '주름/미백에 좋아요': '23%'}, '자극도': {'자극없이 순해요': '77%', '보통이에요': '23%', '자극이 느껴져요': '2%'}}",5점만점에 5점,2024.05.10,쿵야를 좋아하는데 양파쿵야 앰플이 나와서 구매했어요! 귀여운 키링도 줘요!! 넘 귀여워요:) 올영에서 테스트해보고 괜찮으면 구매하려했는데 손등 테스트하니 부드럽고 촉촉하게 발리고 트러블 올라오는것도 없어서 바로 구매했어요! 모공 앰플을 첨 사용해보는건데 효과가 나타나길 기대할게요!!
2,성분에디터,성분에디터 그린토마토 모공앰플 30ml 1+1+1 트리플기획,"25,700","11,403",4.7,"{'5점': '77%', '4점': '16%', '3점': '5%', '2점': '1%', '1점': '1%'}","{'피부타입': {'건성에 좋아요': '18%', '복합성에 좋아요': '65%', '지성에 좋아요': '17%'}, '피부고민': {'보습에 좋아요': '37%', '진정에 좋아요': '40%', '주름/미백에 좋아요': '23%'}, '자극도': {'자극없이 순해요': '77%', '보통이에요': '23%', '자극이 느껴져요': '2%'}}",5점만점에 5점,2024.05.15,"모델에 현혹되고 제품에 만복해서 1+1+1일때 대량으로 쟁였어요!! 평소에 끈적이는 앰플은 얼굴에 달라붙어서 비선호 하는편인데 이 제품은 약간 묽은가?싶으면서도 바르면 흡수가 싸악 되어서 끈적임이 없는게 정말 최고에요!! 머리카락붙고 흡수안되서 겉돌면 진짜 속상하잖아요 ㅠㅠ 모공엠플인데 속건조까지 잡아주는 느낌이라, 너무 가볍지도 않고 그렇다고 무겁지도 않은 산뜻한 앰플이네요 !! 맑눈광인 쿵야가 쳐다보고있는것같아서 디자인도 너무 귀엽고, 용량도 작은편은 아니라 올 여름 잘 쓸거같아요 !! 키링은..강쥐에게 뺏겼어요,,, 강쥐도 귀여운걸 아나봐요.."
